name,sequence,start_position,stop_position,primer_length,capture_length
RSV.3160.R1,TCATGAAGCTTATNNNNNTACGTCTCCATATTTGCC,3184,3220,13,18
RSV.3160.R2,CATGAAGCTTATNNNNNTACGTCTCCATATTTGCC,3184,3219,12,18
RSV.3160.R3,CATGAAGCTTATTNNNNNACGTCTCCATATTTGCC,3184,3219,13,17
RSV.3160.R4,ATGAAGCTTATTNNNNNACGTCTCCATATTTGCC,3184,3218,12,17
RSV.3160.R5,ATGAAGCTTATTCNNNNACGTCTCCATATTTGCC,3184,3218,13,17
RSV.3160.R6,ATGAAGCTTATTCANNNACGTCTCCATATTTGCC,3184,3218,14,17
RSV.3160.R7,TGAAGCTTATTCNNNNACGTCTCCATATTTGCC,3184,3217,12,17
RSV.3160.R8,TGAAGCTTATTCANNNACGTCTCCATATTTGCC,3184,3217,13,17
RSV.3160.R9,GAAGCTTATTCNNNNACGTCTCCATATTTGCC,3184,3216,11,17
RSV.3160.R10,GAAGCTTATTCANNNACGTCTCCATATTTGCC,3184,3216,12,17
RSV.3160.R11,AAGCTTATTCACNNACGTCTCCATATTTGCC,3184,3215,12,17
RSV.3160.R12,AAGCTTATTCACANNCGTCTCCATATTTGCCC,3183,3215,13,17
RSV.3160.R13,AGCTTATTCACNNACGTCTCCATATTTGCC,3184,3214,11,17
RSV.3160.R14,AGCTTATTCACANNNNNCTCCATATTTGCCCCA,3181,3214,12,16
RSV.3160.R15,AGCTTATTCACATNNNNCTCCATATTTGCCCCA,3181,3214,13,16
RSV.3160.R16,GCTTATTCACANNNNNCTCCATATTTGCCCCA,3181,3213,11,16
RSV.3160.R17,GCTTATTCACATNNNNCTCCATATTTGCCCCA,3181,3213,12,16
RSV.3160.R18,GCTTATTCACATANNNCTCCATATTTGCCCCA,3181,3213,13,16
RSV.3160.R19,CTTATTCACATACNNCTCCATATTTGCCCCA,3181,3212,13,16
RSV.3160.R20,TTATTCACATACGNNNCCATATTTGCCCCAAC,3179,3211,13,16
RSV.3160.R21,TTATTCACATACGTNNCCATATTTGCCCCAAC,3179,3211,14,16
RSV.3160.R22,TATTCACATACGNNNCCATATTTGCCCCAAC,3179,3210,12,16
RSV.3160.R23,TATTCACATACGTNNCCATATTTGCCCCAAC,3179,3210,13,16
RSV.3160.R24,ATTCACATACGNNNCCATATTTGCCCCAAC,3179,3209,11,16
RSV.3160.R25,ATTCACATACGTNNCCATATTTGCCCCAAC,3179,3209,12,16
RSV.3160.R26,TTCACATACGTCNNNNNATTTGCCCCAACACAG,3175,3208,12,16
RSV.3160.R27,TTCACATACGTCTNNNNATTTGCCCCAACACAG,3175,3208,13,16
RSV.3160.R28,TCACATACGTCNNNNNATTTGCCCCAACACAG,3175,3207,11,16
RSV.3160.R29,TCACATACGTCTNNNNATTTGCCCCAACACAG,3175,3207,12,16
RSV.3160.R30,CACATACGTCNNNNNATTTGCCCCAACACAG,3175,3206,10,16
RSV.3160.R31,CACATACGTCTNNNNATTTGCCCCAACACAG,3175,3206,11,16
RSV.3160.R32,ACATACGTCTCNNNNNTTGCCCCAACACAGA,3174,3205,11,15
RSV.3160.R33,CATACGTCTCCNNNNTTGCCCCAACACAGA,3174,3204,11,15
RSV.3160.R34,ATACGTCTCCNNNNTTGCCCCAACACAGA,3174,3203,10,15
RSV.3160.R35,ATACGTCTCCANNNTTGCCCCAACACAGA,3174,3203,11,15
RSV.3160.R36,ATACGTCTCCATNNTTGCCCCAACACAGA,3174,3203,12,15
RSV.3160.R37,TACGTCTCCANNNTTGCCCCAACACAGA,3174,3202,10,15
RSV.3160.R38,TACGTCTCCATNNTTGCCCCAACACAGA,3174,3202,11,15
RSV.3160.R39,TACGTCTCCATANNTGCCCCAACACAGAC,3173,3202,12,15
RSV.3160.R40,ACGTCTCCATNNTTGCCCCAACACAGA,3174,3201,10,15
RSV.3160.R41,ACGTCTCCATANNTGCCCCAACACAGAC,3173,3201,11,15
RSV.3160.R42,CGTCTCCATANNTGCCCCAACACAGAC,3173,3200,10,15
